# AXPL1	soft public-dictionary next-letter probabilities
# {"contexts":346,"format":"AXPL1","license":"GPL-3.0-only; derived from the pinned Rime Ice tables; see bundled rime-ice LICENSE/README.md","limitations":"Dictionary weights are ranking heuristics, not calibrated real typing probabilities; no user data or abbreviation invalidation","probability_scale":32768,"retained_rows_by_source":{"cn_dicts/8105.dict.yaml":8757,"cn_dicts/base.dict.yaml":542928,"cn_dicts/ext.dict.yaml":339174,"cn_dicts/others.dict.yaml":1,"cn_dicts/tencent.dict.yaml":0,"cn_dicts/xuancai_mobile.dict.yaml":21},"skipped_unknown_syllables":0,"smoothing":{"bigram_mix":0.6,"trigram_mix":0.75,"uniform_mix":0.05},"source_archive_sha256":"a170d79442f7463118fbfde089f62d046710475436e3c5347de2cf1aeaa95b48","source_project":"https://github.com/iDvel/rime-ice","source_revision":"3aea6d3694fb3d94ec663641f021f788822897ad","sources_sha256":{"cn_dicts/8105.dict.yaml":"1f9a42b91dea6982baee2551981780271aeffd78876662b9c9f324e56b37b120","cn_dicts/base.dict.yaml":"19f6f96f5dfe553545f36c979001a12e3f3c0316f4e23f4382960a13e93e7550","cn_dicts/ext.dict.yaml":"f3843fecd2ec69ab823360383e8a07b4a69f4189133a87186f1702b350c1db2e","cn_dicts/others.dict.yaml":"c7475d773e619f61b88d47fa8ec789aba02aa0d1c98edaed309e53487b048b32","cn_dicts/tencent.dict.yaml":"858a641cef8b22d5c7966efcada3332c780ef4ac7b188318d221b450e673eca5","cn_dicts/xuancai_mobile.dict.yaml":"eb0817cc111732e6c697bafa188b41f848067e289de2debfff62964df96040f0"},"syllables":414,"unique_word_pronunciations":890881,"weight":"integer dictionary weight, clipped to [1,1000000]; duplicate word/pronunciation uses maximum"}
# P	context	26 positive integer probabilities (a-z), sum=32768; -=global, ^=word start
# S	full-syllable	public dictionary weight; inventory only, never a hard input filter
P	-	3365	537	561	782	1956	389	2360	2262	4392	855	283	588	376	3988	1792	218	414	324	1003	415	2654	99	432	700	971	1052
P	^	1501	1264	1202	1523	937	815	1980	1755	1795	1872	599	1028	730	2072	771	434	846	510	2091	925	1100	77	973	1417	2116	2435
P	^a	424	198	139	242	429	190	420	331	7006	219	140	510	223	16624	3648	97	136	106	301	141	322	67	129	176	298	252
P	^b	8220	110	113	135	4158	96	293	283	8176	142	85	116	94	455	1135	79	98	89	157	98	8026	67	100	127	154	162
P	^c	4201	110	113	135	1227	96	293	19739	1887	142	85	115	94	455	1171	79	98	89	157	98	1774	67	100	127	154	162
P	^d	10754	110	113	135	2770	96	293	283	8286	142	85	115	94	455	2923	79	98	89	157	98	4983	67	100	127	154	162
P	^e	400	207	193	496	303	160	608	481	1405	284	116	738	421	4452	236	102	143	19141	416	228	322	67	290	499	626	434
P	^f	13613	110	113	135	8007	96	293	283	496	142	85	116	94	455	684	79	98	89	157	98	6915	67	100	127	154	162
P	^g	5780	227	285	385	4787	201	473	428	496	390	140	288	187	509	5648	121	214	147	459	188	9880	67	212	346	436	474
P	^h	6898	110	113	135	6157	96	293	283	1548	142	85	115	94	455	2516	78	98	89	157	98	12598	67	100	127	154	162
P	^j	393	110	113	135	252	96	293	283	25746	142	85	116	94	455	236	79	98	89	157	98	3088	67	100	127	154	162
P	^k	9514	110	113	135	10186	96	293	283	496	142	85	115	94	455	3542	79	98	89	157	98	5978	67	100	127	154	162
P	^l	4886	110	113	135	2495	96	293	283	16350	142	85	115	94	455	1194	79	98	89	157	98	3501	1357	100	127	154	162
P	^m	6242	110	113	135	8046	96	293	283	9580	142	85	115	94	455	3337	79	98	89	157	98	2511	67	100	127	154	162
P	^n	8225	174	191	264	3728	140	3031	359	9128	287	122	227	158	485	1979	108	170	126	321	156	1052	1335	160	236	282	324
P	^o	402	203	208	323	262	147	374	420	496	284	128	293	178	2011	359	115	163	132	357	151	24534	67	161	245	414	341
P	^p	6971	110	113	135	4783	96	293	283	13735	142	85	115	94	455	1853	79	98	89	157	98	2374	67	100	127	154	162
P	^q	393	110	113	135	252	96	293	283	20409	142	85	115	94	455	236	79	98	89	157	98	8426	67	100	127	154	162
P	^r	3442	153	144	162	13262	110	309	295	2875	176	90	140	102	471	2542	82	127	98	267	140	7037	67	120	139	206	212
P	^s	1659	110	113	135	497	96	293	22514	2007	142	85	115	94	455	674	78	98	89	157	98	2649	67	100	127	154	162
P	^t	8020	110	113	135	1701	96	293	283	9166	142	85	115	94	455	5750	79	98	89	157	98	5079	67	100	127	154	162
P	^w	7112	110	113	135	10572	96	293	283	496	142	85	115	94	455	5407	79	98	89	157	98	6129	67	100	127	154	162
P	^x	393	110	113	135	252	96	293	283	24326	142	85	115	94	455	236	79	98	89	157	98	4509	67	100	127	154	162
P	^y	4776	110	113	135	2140	96	293	283	11417	142	85	115	94	455	5747	78	98	89	157	98	5637	67	100	127	154	162
P	^z	3709	110	113	135	1102	96	293	18229	2450	142	85	115	94	455	1292	79	98	89	157	98	3217	67	100	127	154	162
P	a	1395	346	321	502	835	238	1088	1011	4174	501	192	422	264	12650	4262	152	261	213	602	262	1099	77	245	445	548	663
P	aa	750	252	129	173	258	108	338	311	3264	172	95	154	123	23394	1432	234	112	101	198	113	322	67	109	158	187	214
P	ab	8054	110	113	135	2109	96	293	283	9167	142	85	115	94	455	985	79	98	89	157	98	9401	67	100	127	154	162
P	ac	3043	110	113	135	1277	96	293	21641	1884	142	85	116	94	455	758	79	98	89	157	98	1395	67	100	127	154	162
P	ad	9479	110	113	135	7515	96	293	283	5845	142	85	115	94	455	2677	79	98	89	157	98	4200	67	100	127	154	162
P	ae	400	189	166	270	258	136	364	366	1404	289	115	196	142	3024	236	92	129	23141	321	142	322	67	142	284	299	274
P	af	13903	110	113	135	9544	96	293	283	496	142	85	115	94	455	606	79	98	89	157	98	5167	67	100	127	154	162
P	ag	3426	227	285	385	8052	201	473	428	496	390	140	288	187	509	5876	121	214	146	459	188	8742	67	212	346	436	474
P	ah	8811	110	113	135	3775	96	293	283	1548	142	85	115	94	455	1422	79	98	89	157	98	14160	67	100	127	154	162
P	ai	1786	1411	1217	1993	577	1181	1640	1402	496	1685	811	1743	976	2152	261	447	988	464	2564	842	475	67	1146	1524	2322	2598
P	aj	393	110	113	135	252	96	293	283	24630	142	85	116	94	455	236	79	98	89	157	98	4204	67	100	127	154	162
P	ak	10525	110	113	135	8718	96	293	283	496	142	85	115	94	455	2199	79	98	89	157	98	7778	67	100	127	154	162
P	al	4635	110	113	135	4857	96	293	283	12960	142	85	116	94	455	912	79	98	89	157	98	2617	3801	100	127	154	162
P	am	4926	110	113	135	13521	96	293	283	8010	142	85	115	94	455	1419	79	98	89	157	98	1840	67	100	127	154	162
P	an	543	638	832	1234	416	475	14473	852	643	1467	379	1187	483	698	254	322	727	382	1548	531	333	84	552	972	1254	1489
P	ao	504	1044	1421	2588	378	708	1355	1380	496	1774	699	1799	871	2461	238	649	957	513	2665	824	1523	67	723	1942	2595	2594
P	ap	6025	110	113	135	3880	96	293	283	13944	142	85	115	94	455	4799	79	98	89	157	98	1068	67	100	127	154	162
P	aq	393	110	113	135	252	96	293	283	18667	142	85	115	94	455	236	79	98	89	157	98	10168	67	100	127	154	162
P	ar	1439	152	144	162	15970	110	309	295	2129	176	90	140	102	471	1587	82	127	98	267	140	8034	67	120	139	206	212
P	as	1454	110	113	135	476	96	293	22401	2010	142	85	116	94	455	925	79	98	89	157	98	2732	67	100	127	154	162
P	at	6344	110	113	135	1532	96	293	283	13603	142	85	115	94	455	5129	79	98	89	157	98	3108	67	100	127	154	162
P	aw	6783	110	113	135	11498	96	293	283	496	142	85	115	94	455	4531	79	98	89	157	98	6408	67	100	127	154	162
P	ax	393	110	113	135	252	96	293	283	19409	142	85	116	94	455	236	79	98	89	157	98	9425	67	100	127	154	162
P	ay	4587	110	113	135	2176	96	293	283	10146	142	85	116	94	455	4111	79	98	89	157	98	8695	67	100	127	154	162
P	az	4156	110	113	135	589	96	293	20115	2459	142	85	115	94	455	616	79	98	89	157	98	2064	67	100	127	154	162
P	b	6761	253	262	351	3358	193	982	943	6847	380	151	273	188	1633	1338	125	203	167	439	204	6226	77	211	318	426	459
P	ba	400	312	196	290	277	136	428	350	4470	291	118	360	176	11973	10296	92	180	132	411	298	322	67	245	237	270	441
P	be	400	184	163	254	258	136	364	365	14254	254	114	195	140	13154	236	92	129	292	319	140	322	67	142	231	292	271
P	bi	13737	306	321	413	2489	214	441	445	496	913	173	481	337	6732	247	120	259	364	761	241	475	67	236	682	1111	707
P	bo	538	646	1116	2859	584	2838	717	1351	496	845	1620	4487	381	2113	236	246	736	567	3204	719	1522	67	1365	767	1234	1514
P	bu	1632	644	1272	2726	544	1284	1456	1466	970	1790	980	1268	1468	1599	884	288	768	761	2552	1168	322	67	647	1653	1997	2562
P	c	3467	253	262	351	1682	193	982	14135	2955	380	151	273	188	1633	1198	125	203	167	439	204	2036	77	211	318	426	459
P	ca	396	141	141	183	256	107	335	304	14637	188	95	173	115	10080	3861	90	119	101	234	113	322	67	111	179	191	229
P	ce	415	669	469	846	269	345	589	2026	1406	581	181	1923	629	14468	236	328	323	358	3171	240	322	67	241	504	984	1178
P	ch	8698	110	113	135	7644	96	293	283	2848	142	85	115	94	455	2013	79	98	89	157	98	8513	67	100	127	154	162
P	ci	1845	844	2036	1485	752	632	793	1666	496	2217	975	1223	276	1630	252	679	1042	558	4588	984	475	67	1434	1805	1604	2410
P	co	402	181	208	323	262	147	374	364	496	284	127	237	177	24669	236	115	163	132	354	151	2210	67	159	245	344	341
P	cu	1763	241	387	339	534	233	423	391	2934	1295	140	312	189	13582	6649	109	195	152	610	185	322	67	162	769	373	412
P	d	7496	253	262	351	4182	193	982	943	6242	380	151	273	188	1633	2419	125	203	167	439	204	4191	77	211	318	426	459
P	da	495	379	388	1049	275	274	636	604	4485	732	234	744	242	9453	8478	254	249	184	608	262	322	67	179	959	558	658
P	de	550	750	566	1568	345	572	1128	1206	2567	777	251	1357	460	12226	241	217	360	1012	2618	372	322	67	369	785	1136	946
P	di	11902	450	693	731	1444	480	566	406	496	562	198	592	290	6495	255	146	749	224	1723	343	620	67	533	486	1412	905
P	do	402	181	208	323	262	147	374	364	496	284	127	237	177	18181	236	115	163	132	354	151	8698	67	159	245	344	341
P	du	5780	348	428	455	520	213	656	518	8382	677	205	523	208	1737	7936	159	392	192	796	295	322	67	236	401	473	849
P	e	1409	546	462	827	844	353	1269	1271	5428	828	267	590	372	10438	756	180	326	980	1087	372	1099	77	378	734	980	895
P	ea	396	134	128	192	257	111	320	300	14794	173	95	457	114	12219	1318	85	114	101	289	114	322	67	109	160	186	213
P	eb	7641	110	113	135	5007	96	293	283	7819	142	85	115	94	455	777	78	98	89	157	98	8473	67	100	127	154	162
P	ec	3586	110	113	135	2133	96	293	19434	2927	142	85	115	94	455	907	79	98	89	157	98	1012	67	100	127	154	162
P	ed	8297	110	113	135	5747	96	293	283	7967	142	85	115	94	455	1996	79	98	89	157	98	5709	67	100	127	154	162
P	ee	405	186	164	324	375	145	366	372	1405	264	116	292	230	2841	236	92	132	22791	371	242	322	67	149	248	306	327
P	ef	15783	110	113	135	7731	96	293	283	496	142	85	115	94	455	546	78	98	89	157	98	5161	67	100	127	154	162
P	eg	2376	227	285	385	8367	201	473	428	496	390	140	288	187	509	4556	121	214	147	459	188	10796	67	212	346	436	474
P	eh	3569	110	113	135	4863	96	293	283	1548	142	85	115	94	455	1467	79	98	89	157	98	18269	67	100	127	154	162
P	ei	1870	1174	1402	1316	572	1044	1378	1502	496	1920	451	1506	640	2179	289	337	666	1239	2348	1283	475	67	960	1819	3626	2209
P	ej	393	110	113	135	252	96	293	283	25225	142	85	116	94	455	236	79	98	89	157	98	3609	67	100	127	154	162
P	ek	8117	110	113	135	9823	96	293	283	496	142	85	115	94	455	5044	78	98	89	157	98	6237	67	100	127	154	162
P	el	3548	110	113	135	5366	96	293	283	15156	142	85	116	94	455	773	79	98	89	157	98	3643	1296	100	127	154	162
P	em	4586	110	113	135	9301	96	293	283	10746	142	85	115	94	455	1837	79	98	89	157	98	3246	67	100	127	154	162
P	en	594	579	528	1087	669	318	17109	818	689	939	363	593	1022	596	255	267	486	300	1116	599	334	98	565	687	909	1248
P	eo	402	181	208	368	262	147	374	364	496	284	172	237	177	2011	236	115	163	132	354	151	24778	67	159	245	344	341
P	ep	5656	110	113	135	3647	96	293	283	16285	142	85	115	94	455	1702	79	98	89	157	98	2426	67	100	127	154	162
P	eq	393	110	113	135	252	96	293	283	18105	142	85	115	94	455	236	79	98	89	157	98	10730	67	100	127	154	162
P	er	1282	1268	959	871	9452	482	756	616	1120	1067	214	801	304	871	721	165	900	350	3168	1246	1851	67	659	469	1575	1534
P	es	860	110	113	135	1131	96	293	24576	1353	142	85	115	94	455	433	79	98	89	157	98	1646	67	100	127	154	162
P	et	6428	110	113	135	858	96	293	283	10780	142	85	115	94	455	8586	79	98	89	157	98	3064	67	100	127	154	162
P	ew	5191	110	113	135	13782	96	293	283	496	142	85	115	94	455	2562	78	98	89	157	98	7686	67	100	127	154	162
P	ex	393	110	113	135	252	96	293	283	23499	142	85	115	94	455	236	79	98	89	157	98	5336	67	100	127	154	162
P	ey	5463	110	113	135	1874	96	293	283	12836	142	85	115	94	455	3761	78	98	89	157	98	5783	67	100	127	154	162
P	ez	2560	110	113	135	835	96	293	17897	3673	142	85	115	94	455	785	79	98	89	157	98	4249	67	100	127	154	162
P	f	10746	252	262	351	5848	193	982	943	1795	380	151	273	188	1633	1004	125	203	167	439	204	5138	77	211	318	426	459
P	fa	410	986	296	694	259	215	814	553	1091	398	197	955	229	18056	1113	178	372	284	1078	270	322	67	182	1013	744	1992
P	fe	400	184	163	254	258	136	364	365	8848	254	114	195	140	18560	236	92	129	292	319	140	322	67	142	231	292	271
P	fi	25051	203	220	282	468	171	396	368	496	306	122	231	146	1465	246	107	167	134	349	172	475	67	176	253	362	335
P	fo	403	192	235	947	264	692	552	468	496	2378	158	540	317	2013	236	126	174	134	2486	672	16923	67	160	959	592	584
P	fu	1553	938	1361	1709	540	534	980	1577	970	1829	646	1137	760	1135	884	363	913	604	1886	521	322	67	4493	1000	1900	4146
P	g	2564	721	951	1349	2019	616	1702	1525	1795	1371	372	963	557	1848	2057	297	666	397	1647	562	3600	77	657	1196	1554	1705
P	ga	396	136	131	174	258	107	329	300	6181	174	97	167	116	12712	9818	87	113	100	199	116	322	67	109	159	185	215
P	gb	9235	110	113	135	3825	96	293	283	7596	142	85	115	94	455	1496	79	98	89	157	98	7564	67	100	127	154	162
P	gc	3004	110	113	135	1691	96	293	20684	1905	142	85	115	94	455	657	78	98	89	157	98	2059	67	100	127	154	162
P	gd	9450	110	113	135	7190	96	293	283	6421	142	85	115	94	455	1813	79	98	89	157	98	4842	67	100	127	154	162
P	ge	467	668	511	1176	350	518	1152	578	4366	1072	304	746	615	10132	238	178	414	2465	1464	387	322	67	700	1117	1348	1413
P	gf	12694	110	113	135	7485	96	293	283	496	142	85	115	94	455	552	78	98	89	157	98	8490	67	100	127	154	162
P	gg	5436	227	285	385	3003	201	473	428	496	390	140	288	187	509	4349	121	214	146	459	188	13308	67	212	346	436	474
P	gh	6244	110	113	135	5149	96	293	283	1548	142	85	116	94	455	1840	79	98	89	157	98	14934	67	100	127	154	162
P	gj	393	110	113	135	252	96	293	283	25714	142	85	115	94	455	236	79	98	89	157	98	3121	67	100	127	154	162
P	gk	7345	110	113	135	5286	96	293	283	496	142	85	116	94	455	5733	79	98	89	157	98	10855	67	100	127	154	162
P	gl	3130	110	113	135	5579	96	293	283	14207	142	85	115	94	455	823	79	98	89	157	98	4871	1173	100	127	154	162
P	gm	5556	110	113	135	4868	96	293	283	13393	142	85	115	94	455	1433	79	98	89	157	98	4466	67	100	127	154	162
P	gn	3468	174	191	264	8173	140	3031	359	11271	287	122	227	158	485	706	108	170	126	321	156	1281	548	160	236	282	324
P	go	402	181	208	323	262	147	374	364	496	284	127	237	177	21233	236	115	163	132	354	151	5646	67	159	245	344	341
P	gp	6652	110	113	135	2212	96	293	283	17874	142	85	115	94	455	1153	79	98	89	157	98	1825	67	100	127	154	162
P	gq	393	110	113	135	252	96	293	283	19092	142	85	115	94	455	236	79	98	89	157	98	9743	67	100	127	154	162
P	gr	4217	153	144	162	15635	110	309	295	2984	176	90	140	102	471	2247	82	127	98	267	140	4075	67	120	139	206	212
P	gs	811	110	113	135	698	96	293	21812	4149	142	85	115	94	455	652	79	98	89	157	98	1877	67	100	127	154	162
P	gt	9131	110	113	135	812	96	293	283	9799	142	85	115	94	455	6501	79	98	89	157	98	3473	67	100	127	154	162
P	gu	11536	230	267	619	520	391	483	385	3512	447	189	385	191	978	9401	186	235	179	512	206	322	67	256	310	433	528
P	gw	5287	110	113	135	14011	96	293	283	496	142	85	115	94	455	2862	79	98	89	157	98	7060	67	100	127	154	162
P	gx	393	110	113	135	252	96	293	283	24155	142	85	115	94	455	236	79	98	89	157	98	4680	67	100	127	154	162
P	gy	5333	110	113	135	3733	96	293	283	8680	142	85	115	94	455	5106	78	98	89	157	98	6865	67	100	127	154	162
P	gz	2789	110	113	135	919	96	293	18608	2716	142	85	115	94	455	545	79	98	89	157	98	4422	67	100	127	154	162
P	h	4925	253	262	351	4857	193	982	943	6004	380	151	273	188	1633	2628	125	203	167	439	204	6116	77	211	318	426	459
P	ha	399	199	199	252	291	142	349	379	3518	269	149	199	143	18319	5815	98	131	143	302	141	322	67	124	235	297	286
P	he	415	501	339	524	282	291	791	900	1885	848	220	600	274	19722	236	171	271	340	784	429	322	67	265	694	794	803
P	hi	1775	989	1708	2451	594	963	1224	1297	496	2903	366	1392	587	1978	247	531	918	442	2305	742	475	67	1239	1677	3221	2181
P	ho	402	181	208	323	262	147	374	364	496	284	127	237	177	13968	236	115	163	132	354	150	12912	67	159	245	344	341
P	hu	9930	510	661	557	529	458	604	514	5734	819	273	817	444	2011	3636	151	310	361	812	351	322	67	286	720	1012	879
P	i	6624	624	691	941	1685	494	1394	1284	1795	1034	300	735	393	5669	795	240	478	345	1208	500	1713	77	514	824	1261	1150
P	ia	406	181	173	276	259	148	468	336	1125	289	130	285	183	19373	6708	101	210	163	320	174	322	67	147	203	286	435
P	ib	8727	110	113	135	4812	96	293	283	8013	142	85	116	94	456	849	79	98	89	157	98	7313	67	100	127	154	162
P	ic	2325	110	113	135	1296	96	293	20944	3237	142	85	115	94	455	735	78	98	89	157	98	1463	67	100	127	154	162
P	id	9006	110	113	135	6274	96	293	283	7319	142	85	115	94	455	2483	79	98	89	157	98	4634	67	100	127	154	162
P	ie	428	835	1092	2531	331	563	1750	1651	1404	1904	515	1054	853	3055	240	259	464	3448	3669	905	322	67	628	1173	1362	2265
P	if	16837	110	113	135	5843	96	293	283	496	142	85	115	94	455	704	79	98	89	157	98	5836	67	100	127	154	162
P	ig	3384	227	285	385	7534	201	473	428	496	390	140	288	187	509	5984	121	214	147	459	188	9193	67	212	346	436	474
P	ih	5292	110	113	135	4210	96	293	283	1548	142	85	115	94	455	3947	79	98	89	157	98	14719	67	100	127	154	162
P	ij	393	110	113	135	252	96	293	283	26139	142	85	115	94	455	236	79	98	89	157	98	2696	67	100	127	154	162
P	ik	8956	110	113	135	9447	96	293	283	496	142	85	115	94	455	3368	78	98	89	157	98	7450	67	100	127	154	162
P	il	4333	110	113	135	5502	96	293	283	14318	142	85	116	94	456	838	79	98	89	157	98	3398	1392	100	127	154	162
P	im	6056	110	113	135	6666	96	293	283	11799	142	85	115	94	455	2656	79	98	89	157	98	2539	67	100	127	154	162
P	in	694	353	438	613	768	341	19496	675	1146	733	262	562	259	599	268	250	438	324	888	324	344	135	402	895	710	851
P	io	402	181	208	323	262	147	374	364	496	284	127	237	177	23321	236	115	163	132	354	151	3558	67	159	245	344	341
P	ip	5538	110	113	135	2780	96	293	283	19048	142	85	116	94	455	1020	79	98	89	157	98	1329	67	100	127	154	162
P	iq	393	110	113	135	252	96	293	283	19608	142	85	116	94	455	236	79	98	89	157	98	9226	67	100	127	154	162
P	ir	5238	153	144	162	12200	110	309	295	2516	176	90	140	102	471	3987	82	127	98	267	140	5217	67	120	139	206	212
P	is	1559	110	113	135	705	96	293	22972	1865	142	85	115	94	455	489	79	98	89	157	98	2409	67	100	127	154	162
P	it	8195	110	113	135	911	96	293	283	10127	142	85	115	94	455	6114	79	98	89	157	98	4369	67	100	127	154	162
P	iu	1551	1219	1361	1756	596	711	1442	1320	970	1578	713	1882	669	1440	884	311	767	599	3395	1040	322	67	513	2252	2681	2729
P	iw	7743	110	113	135	9702	96	293	283	496	142	85	115	94	455	3880	79	98	89	157	98	7895	67	100	127	154	162
P	ix	393	110	113	135	252	96	293	283	23314	142	85	116	94	455	236	79	98	89	157	98	5520	67	100	127	154	162
P	iy	4355	110	113	135	3876	96	293	283	7993	142	85	115	94	455	6566	79	98	89	157	98	6926	67	100	127	154	162
P	iz	3024	110	113	135	1153	96	293	19770	3232	142	85	116	94	455	655	79	98	89	157	98	2164	67	100	127	154	162
P	j	1384	253	262	351	820	193	982	943	18566	380	151	273	188	1633	754	125	203	167	439	204	3006	77	211	318	426	459
P	ji	11291	465	488	582	3145	294	732	590	496	611	176	425	203	6733	254	156	317	222	986	326	2240	67	236	517	582	634
P	ju	2778	1286	725	852	7861	284	510	868	969	1007	422	1171	694	6017	883	145	387	392	709	886	322	67	312	949	1017	1255
P	k	7044	252	262	351	6905	193	982	943	1795	380	151	273	188	1633	3350	125	203	167	439	204	5437	77	211	318	426	459
P	ka	397	165	162	241	288	305	325	344	10038	187	121	232	145	12293	5511	142	146	113	273	229	322	67	116	175	192	239
P	ke	643	677	1056	929	336	920	931	1434	1405	2445	672	1043	435	5494	236	335	340	593	1742	952	322	67	600	2319	5482	1360
P	ko	402	181	208	323	262	147	374	364	496	284	127	237	177	14518	236	115	163	132	354	151	12361	67	159	245	344	341
P	ku	18272	234	476	511	525	228	459	393	2130	313	201	423	192	2450	2891	113	262	179	434	189	322	67	215	383	379	527
P	l	3918	253	262	351	3664	193	982	943	11638	380	151	273	188	1633	1212	125	203	167	439	204	3180	995	211	318	426	459
P	la	396	254	173	309	271	130	388	329	12240	509	237	377	177	8555	6226	98	139	122	384	152	322	67	128	210	215	360
P	le	487	2234	352	672	289	288	1016	565	13501	480	247	376	591	6262	292	169	496	401	759	400	322	67	375	518	1066	543
P	li	10874	429	464	696	1545	378	598	565	496	754	292	720	331	5597	246	202	362	403	915	365	3455	67	317	753	1127	817
P	lo	402	181	208	323	262	147	374	364	496	284	127	237	177	13864	236	115	163	132	354	150	13016	67	159	245	344	341
P	lu	3032	394	507	575	523	281	555	445	970	837	337	436	376	8328	9551	170	530	415	909	270	322	67	246	962	1050	680
P	lv	402	773	719	1436	6544	1096	1367	1512	496	798	618	506	259	508	236	199	446	353	3750	455	322	67	535	2751	4947	1673
P	m	4770	253	262	351	6326	193	982	943	8593	380	151	273	188	1633	2245	125	203	167	439	204	2596	77	211	318	426	459
P	ma	437	279	264	460	310	399	414	399	6643	330	383	633	492	11283	6817	126	208	132	652	309	322	67	169	354	380	506
P	me	416	323	187	523	258	139	401	518	13265	308	160	242	173	12453	237	96	142	317	621	149	322	67	176	253	666	356
P	mi	9506	272	240	380	749	261	449	430	496	416	128	344	495	15130	249	113	274	172	535	217	500	67	208	316	437	384
P	mo	426	518	651	1119	425	1326	887	1209	496	761	913	919	836	2960	236	278	469	1025	4702	1426	7629	67	378	1313	909	890
P	mu	1574	4030	971	3155	702	374	1948	689	970	1883	292	2143	1123	1060	944	161	3005	422	1557	573	322	67	297	930	1681	1895
P	n	1733	506	577	868	1165	372	11934	1248	2283	957	300	720	441	1750	812	243	490	315	1095	436	1133	138	451	756	937	1108
P	na	400	375	339	621	429	181	973	438	3794	637	177	959	735	14075	3547	214	240	323	985	384	322	67	330	696	813	714
P	nb	8499	110	113	135	3711	96	293	283	7281	142	85	115	94	455	1438	79	98	89	157	98	8787	67	100	127	154	162
P	nc	3429	110	113	135	1562	96	293	20696	2297	142	85	115	94	455	616	79	98	89	157	98	1399	67	100	127	154	162
P	nd	8667	110	113	135	6736	96	293	283	6237	142	85	116	94	455	2598	79	98	89	157	98	5477	67	100	127	154	162
P	ne	401	214	163	263	260	136	365	370	10158	255	114	200	141	15018	236	92	129	2436	322	143	322	67	142	239	295	287
P	nf	16025	110	113	135	8169	96	293	283	496	142	85	115	94	455	408	79	98	89	157	98	4618	67	100	127	154	162
P	ng	971	1057	1507	2154	758	949	1749	1460	496	2147	531	1511	841	890	870	426	1034	554	2601	823	1349	67	1003	1903	2434	2683
P	nh	6281	110	113	135	4218	96	293	283	1548	142	85	115	94	455	2891	79	98	89	157	98	14778	67	100	127	154	162
P	ni	13521	555	375	915	658	213	577	920	496	663	478	389	619	5349	250	129	257	218	931	253	1960	67	293	585	1045	1052
P	nj	393	110	113	135	252	96	293	283	25640	142	85	115	94	455	236	79	98	89	157	98	3195	67	100	127	154	162
P	nk	9407	110	113	135	7485	96	293	283	496	142	85	115	94	455	5570	79	98	89	157	98	6758	67	100	127	154	162
P	nl	3584	110	113	135	4701	96	293	283	17129	142	85	116	94	455	626	79	98	89	157	98	2432	1310	100	127	154	162
P	nm	4021	110	113	135	10308	96	293	283	11759	142	85	115	94	455	1827	79	98	89	157	98	1801	67	100	127	154	162
P	nn	6909	174	191	264	5251	140	3031	359	10206	287	122	227	158	485	939	108	170	126	321	156	1183	959	160	236	282	324
P	no	402	181	208	323	262	147	374	364	496	284	127	237	177	25044	236	115	163	132	354	150	1836	67	159	245	344	341
P	np	7586	110	113	135	2751	96	293	283	17229	142	85	115	94	455	883	79	98	89	157	98	1267	67	100	127	154	162
P	nq	393	110	113	135	252	96	293	283	17807	142	85	115	94	455	236	79	98	89	157	98	11028	67	100	127	154	162
P	nr	4860	152	144	162	12764	110	309	295	1958	176	90	140	102	471	3416	82	127	98	267	140	6161	67	120	139	206	212
P	ns	874	110	113	135	826	96	293	24027	1266	142	85	116	94	455	442	79	98	89	157	98	2563	67	100	127	154	162
P	nt	6397	110	113	135	785	96	293	283	14140	142	85	116	94	455	5476	79	98	89	157	98	2917	67	100	127	154	162
P	nu	7684	351	378	478	589	285	395	711	970	464	146	5948	270	782	10144	154	372	180	428	174	322	67	196	285	437	558
P	nv	425	452	276	1166	2541	562	925	3577	496	628	222	706	526	539	236	1030	489	3298	4781	549	322	67	605	2887	1854	3609
P	nw	5536	110	113	135	17015	96	293	283	496	142	85	116	94	455	1838	79	98	89	157	98	4830	67	100	127	154	162
P	nx	393	110	113	135	252	96	293	283	25604	142	85	115	94	455	236	79	98	89	157	98	3231	67	100	127	154	162
P	ny	4192	110	113	135	3009	96	293	283	10203	142	85	115	94	455	4561	79	98	89	157	98	7751	67	100	127	154	162
P	nz	3033	110	113	135	1570	96	293	18673	3700	142	85	115	94	455	720	79	98	89	157	98	2303	67	100	127	154	162
P	o	1420	536	643	1102	857	399	1306	1267	1795	949	319	761	519	7853	756	270	463	338	1228	413	5898	77	448	791	1186	1174
P	oa	396	135	129	173	256	107	341	301	8436	172	96	153	151	16256	3958	86	112	100	201	113	322	66	110	160	224	214
P	ob	10251	110	113	135	2577	96	293	283	7727	142	85	115	94	455	1423	78	98	89	157	98	7739	67	100	127	154	162
P	oc	3414	110	113	135	1448	96	293	20924	1706	142	85	115	94	455	754	79	98	89	157	98	1753	67	100	127	154	162
P	od	8437	110	113	135	8869	96	293	283	4693	142	85	115	94	455	3815	79	98	89	157	98	3902	67	100	127	154	162
P	oe	401	187	163	424	258	149	366	366	1405	284	114	366	448	3135	236	94	129	22146	336	172	322	67	261	318	298	323
P	of	14796	110	113	135	8955	96	293	283	496	142	85	115	94	455	489	78	98	89	157	98	4981	67	100	127	154	162
P	og	6257	227	285	385	3831	201	473	428	496	390	140	288	187	509	4149	121	214	147	459	188	11858	67	212	346	436	474
P	oh	7625	110	113	135	4177	96	293	283	1548	142	85	116	94	455	2278	79	98	89	157	98	14087	67	100	127	154	162
P	oj	393	110	113	135	252	96	293	283	26704	142	85	115	94	455	236	79	98	89	157	98	2131	67	100	127	154	162
P	ok	9510	110	113	135	7363	96	293	283	496	142	85	115	94	455	4328	79	98	89	157	98	8019	67	100	127	154	162
P	ol	3597	110	113	135	8062	96	293	283	11660	142	85	116	94	455	737	79	98	89	157	98	3651	2075	100	127	154	162
P	om	4570	110	113	135	11077	96	293	283	10668	142	85	115	94	455	1708	79	98	89	157	98	1693	67	100	127	154	162
P	on	583	174	191	264	537	140	25731	359	906	287	122	227	157	485	267	108	170	126	321	156	338	117	160	236	282	324
P	oo	457	181	208	323	262	147	374	364	496	284	127	237	177	2011	5859	115	163	132	354	150	19191	67	159	245	344	341
P	op	4095	110	113	135	3282	96	293	283	18496	142	85	115	94	455	2545	79	98	89	157	98	1298	67	100	127	154	162
P	oq	393	110	113	135	252	96	293	283	20226	142	85	115	94	455	236	79	98	89	157	98	8609	67	100	127	154	162
P	or	2965	153	144	162	18246	110	309	295	2962	176	90	140	102	471	2034	82	127	98	267	140	2951	67	120	139	206	212
P	os	932	110	113	135	437	96	293	24065	1599	142	85	115	94	455	456	79	98	89	157	98	2510	67	100	127	154	162
P	ot	6959	110	113	135	1590	96	293	283	8798	142	85	116	94	455	7618	79	98	89	157	98	4750	67	100	127	154	162
P	ou	1586	1167	1305	1719	718	923	1654	1467	970	1800	562	1463	1009	1092	890	369	1170	937	2478	704	322	67	757	2666	2448	2525
P	ow	6580	110	113	135	12121	96	293	283	496	142	85	115	94	455	2468	79	98	89	157	98	8051	67	100	127	154	162
P	ox	393	110	113	135	252	96	293	283	22969	142	85	116	94	455	236	79	98	89	157	98	5865	67	100	127	154	162
P	oy	4707	110	113	135	1899	96	293	283	7990	142	85	116	94	455	6629	79	98	89	157	98	8490	67	100	127	154	162
P	oz	3319	110	113	135	837	96	293	19042	2364	142	85	115	94	455	743	79	98	89	157	98	3694	67	100	127	154	162
P	p	5467	252	262	351	3143	193	982	943	12058	380	151	273	188	1633	1737	125	203	167	439	204	2126	77	211	318	426	459
P	pa	397	154	156	236	274	108	351	326	12208	188	118	248	133	11077	4586	111	150	112	450	159	322	67	146	207	205	279
P	pe	400	184	163	254	258	136	364	365	17503	254	114	195	140	9905	236	92	129	292	319	140	322	67	142	231	292	271
P	pi	7318	268	277	346	527	611	491	380	496	458	161	664	184	16868	246	350	230	175	408	202	475	67	197	326	404	639
P	po	904	744	1885	1410	410	438	951	4382	496	3312	764	2446	565	2093	236	831	1017	206	2524	506	2741	67	740	754	1349	997
P	pu	1524	2992	1182	1817	1273	670	699	651	970	2395	638	1073	414	836	883	296	463	329	2749	7912	322	67	226	735	660	992
P	q	1384	253	262	351	820	193	982	943	14533	380	151	273	188	1633	754	125	203	167	439	204	7039	77	211	318	426	459
P	qi	8574	309	677	628	1482	322	587	566	496	617	173	724	279	8704	362	196	305	205	843	715	2480	67	320	575	1750	812
P	qu	14387	451	434	1304	4570	273	477	459	969	539	238	532	282	2722	883	131	229	163	726	218	322	66	326	653	709	705
P	r	3493	421	385	458	9170	250	1049	991	3012	514	170	373	219	1694	2165	138	320	205	878	371	4463	77	292	368	633	659
P	ra	396	134	128	173	256	107	319	300	1091	172	95	153	113	24771	2898	85	112	101	198	113	322	67	109	158	184	213
P	rb	5444	110	113	135	2677	96	293	283	7774	142	85	115	94	455	531	79	98	89	157	98	13290	67	100	127	154	162
P	rc	1179	110	113	135	1929	96	293	18417	6378	142	85	115	94	455	1150	79	98	89	157	98	946	67	100	127	154	162
P	rd	8066	110	113	135	6564	96	293	283	3266	142	85	115	94	455	1229	78	98	89	157	98	10592	67	100	127	154	162
P	re	459	210	240	420	258	149	380	384	1404	271	116	324	281	24743	236	100	267	317	401	150	322	67	151	503	310	305
P	rf	8317	110	113	135	10999	96	293	283	496	142	85	115	94	455	315	79	98	89	157	98	9589	67	100	127	154	162
P	rg	1570	227	285	385	13717	201	473	428	496	390	140	288	187	509	2926	121	214	146	459	188	7883	67	212	346	436	474
P	rh	5288	110	113	135	2820	96	293	283	1548	142	85	115	94	455	7449	79	98	89	157	98	12611	67	100	127	154	162
P	ri	1708	2703	2556	789	550	280	693	1122	496	1572	499	1195	232	2557	249	120	5743	266	732	232	475	67	320	680	2670	4262
P	rj	393	110	113	135	252	96	293	283	26729	142	85	115	94	455	236	79	98	89	157	98	2106	67	100	127	154	162
P	rk	5874	110	113	135	10392	96	293	283	496	142	85	115	94	455	1777	79	98	89	157	98	11177	67	100	127	154	162
P	rl	9915	110	113	135	3060	96	293	283	9873	142	85	115	94	455	3249	79	98	89	157	98	3135	551	100	127	154	162
P	rm	9405	110	113	135	6056	96	293	283	7329	142	85	115	94	455	2739	79	98	89	157	98	4187	67	100	127	154	162
P	rn	2016	174	191	264	1058	140	3031	359	16587	287	122	227	157	485	262	108	170	126	321	156	1903	3622	160	236	282	324
P	ro	402	181	208	323	262	147	374	364	496	284	127	237	177	20256	236	115	163	132	354	150	6624	67	159	245	344	341
P	rp	7774	110	113	135	1139	96	293	283	19611	142	85	116	94	455	535	79	98	89	157	98	656	67	100	127	154	162
P	rq	393	110	113	135	252	96	293	283	23106	142	85	115	94	455	236	79	98	89	157	98	5729	67	100	127	154	162
P	rr	4278	153	144	162	15945	110	309	295	4150	176	90	140	102	471	605	82	127	98	267	140	4180	67	120	139	206	212
P	rs	1590	110	113	135	393	96	293	25047	1646	142	85	115	94	455	306	78	98	89	157	98	1018	67	100	127	154	162
P	rt	5085	110	113	135	768	96	293	283	13233	142	85	115	94	455	9275	79	98	89	157	98	1355	67	100	127	154	162
P	ru	6255	351	1099	824	524	570	2189	1738	2175	1022	487	706	472	2229	4104	157	503	287	1837	728	322	67	461	1320	1366	975
P	rw	4510	110	113	135	10896	96	293	283	496	142	85	115	94	455	7792	79	98	89	157	98	6022	67	100	127	154	162
P	rx	393	110	113	135	252	96	293	283	26247	142	85	116	94	455	236	79	98	89	157	98	2587	67	100	127	154	162
P	ry	7205	110	113	135	875	96	293	283	8575	142	85	115	94	455	5211	78	98	89	157	98	7851	67	100	127	154	162
P	rz	4653	110	113	135	514	96	293	15945	6283	142	85	115	94	455	693	79	98	89	157	98	1911	67	100	127	154	162
P	s	2000	252	262	351	1083	193	982	16042	2812	380	151	273	188	1633	995	125	203	167	439	204	2542	77	211	318	426	459
P	sa	396	164	131	260	292	111	328	343	4797	206	155	226	162	20942	2341	88	120	107	286	179	322	67	118	180	199	248
P	se	437	875	3037	2101	265	477	702	654	1404	1120	326	1554	352	9918	236	614	1619	502	2123	634	322	67	453	1064	645	1267
P	sh	4680	110	113	135	5835	96	293	283	11081	142	85	115	94	455	2517	79	98	89	157	98	5603	67	100	127	154	162
P	si	1741	738	1499	1781	572	1383	1167	1507	496	1851	972	2141	906	1951	248	252	609	608	2151	1477	475	67	1816	2673	1583	2104
P	so	402	181	208	323	262	147	374	364	496	284	127	237	177	21038	236	115	163	132	354	151	5841	67	159	245	344	341
P	su	5088	231	387	963	515	344	532	453	4648	400	144	650	235	2348	11187	116	283	195	1021	260	322	67	357	416	456	1150
P	t	6196	253	262	351	1542	193	982	943	8313	380	151	273	188	1633	4726	125	203	167	439	204	3753	77	211	318	426	459
P	ta	411	560	299	1040	287	142	472	732	8456	586	201	275	1129	9495	4250	103	225	366	931	192	322	67	205	355	866	801
P	te	457	3312	901	3066	589	181	555	505	2060	1289	453	873	405	6641	236	230	687	321	3754	172	322	67	268	1816	1327	2281
P	ti	13392	319	708	514	2315	216	1713	639	496	706	158	390	280	5188	246	127	501	156	827	264	475	67	320	1030	881	840
P	to	402	181	208	323	262	147	374	364	496	284	127	237	177	17862	236	115	163	132	354	151	9017	67	159	245	344	341
P	tu	5342	536	923	1607	577	369	477	436	7380	763	205	677	297	1259	5506	1192	262	677	1023	261	322	67	325	1014	419	852
P	u	5869	574	657	901	1843	472	1336	1243	3689	920	335	772	457	2897	3345	223	477	382	1120	450	1099	77	457	873	1103	1197
P	ua	399	201	187	276	269	167	428	373	2343	293	128	238	168	23741	1115	113	164	146	362	173	322	67	148	290	305	352
P	ub	8485	110	113	135	3902	96	293	283	8924	142	85	115	94	455	675	79	98	89	157	98	7730	67	100	127	154	162
P	uc	3229	110	113	135	3314	96	293	17920	2632	142	85	116	94	455	631	79	98	89	157	98	2272	67	100	127	154	162
P	ud	8412	110	113	135	5718	96	293	283	6643	142	85	115	94	455	3357	79	98	89	157	98	5586	67	100	127	154	162
P	ue	421	1044	775	4014	332	1175	895	1115	1404	1345	614	1542	489	2959	236	251	702	1863	3487	405	322	67	793	2684	2429	1405
P	uf	13998	110	113	135	9275	96	293	283	496	142	85	115	94	455	460	78	98	89	157	98	5488	67	100	127	154	162
P	ug	4456	227	285	385	3567	201	473	428	496	390	140	288	187	509	4982	121	214	146	459	188	13091	67	212	346	436	474
P	uh	6099	110	113	135	6370	96	293	283	1548	142	85	115	94	455	2177	78	98	89	157	98	13523	67	100	127	154	162
P	ui	1783	1400	1318	2482	618	1362	1525	1905	496	2077	573	1420	788	1804	249	599	760	558	2040	708	475	67	1092	1569	2435	2665
P	uj	393	110	113	135	252	96	293	283	23854	142	85	116	94	455	236	79	98	89	157	98	4980	67	100	127	154	162
P	uk	5755	110	113	135	12466	96	293	283	496	142	85	115	94	455	5074	79	98	89	157	98	5925	67	100	127	154	162
P	ul	4073	110	113	135	5351	96	293	283	15334	142	85	116	94	455	832	79	98	89	157	98	3345	847	100	127	154	162
P	um	4827	110	113	135	9470	96	293	283	10869	142	85	115	94	455	1942	79	98	89	157	98	2608	67	100	127	154	162
P	un	1506	838	923	1473	1986	662	3532	1704	2272	1369	495	1286	583	1057	296	228	852	473	2571	1067	386	358	894	1521	1768	2668
P	uo	485	957	1363	2634	337	770	1239	1061	496	2571	365	1552	1046	2683	241	433	1040	930	2597	669	1538	67	1281	1110	2867	2436
P	up	6159	110	113	135	2620	96	293	283	17299	142	85	115	94	455	2354	79	98	89	157	98	1284	67	100	127	154	162
P	uq	393	110	113	135	252	96	293	283	19343	142	85	115	94	455	236	79	98	89	157	98	9492	67	100	127	154	162
P	ur	5389	152	144	162	11647	110	309	295	2152	176	90	140	102	471	2201	82	127	98	267	140	7770	67	120	139	206	212
P	us	1026	110	113	135	679	96	293	23041	1411	142	85	115	94	455	694	79	98	89	157	98	3148	67	100	127	154	162
P	ut	5586	110	113	135	1362	96	293	283	11554	142	85	115	94	455	7988	78	98	89	157	98	3227	67	100	127	154	162
P	uw	5581	110	113	135	9916	96	293	283	496	142	85	115	94	455	2366	79	98	89	157	98	11357	67	100	127	154	162
P	ux	393	110	113	135	252	96	293	283	24402	142	85	116	94	455	236	79	98	89	157	98	4432	67	100	127	154	162
P	uy	6356	110	113	135	2166	96	293	283	10212	142	85	115	94	455	4240	79	98	89	157	98	6742	67	100	127	154	162
P	uz	2839	110	113	135	1238	96	293	18842	3831	142	85	115	94	455	758	78	98	89	157	98	2492	67	100	127	154	162
P	v	1395	627	573	1161	4169	748	1605	2198	1795	781	423	575	354	1674	755	381	444	966	3052	461	1099	77	516	2096	2968	1875
P	va	396	607	331	173	256	107	319	300	12175	172	95	153	113	14796	1113	85	112	101	198	113	322	67	109	158	184	213
P	vb	7808	110	113	135	1426	96	293	283	9331	142	85	115	94	455	5487	79	98	89	157	98	5664	67	100	127	154	162
P	vc	3806	110	113	135	938	96	293	21764	2237	142	85	115	94	455	475	79	98	89	157	98	779	67	100	127	154	162
P	vd	10947	110	113	135	7112	96	293	283	7474	142	85	115	94	455	2736	79	98	89	157	98	1447	67	100	127	154	162
P	ve	400	607	464	3558	265	472	2524	1358	1404	1267	325	1584	937	2657	236	136	403	3414	1603	1349	322	67	1078	2294	2454	1590
P	vf	21355	110	113	135	3510	96	293	283	496	142	85	116	94	455	298	79	98	89	157	98	4056	67	100	127	154	162
P	vg	3333	227	285	385	1953	201	473	428	496	390	140	288	187	509	2214	121	214	146	459	188	18596	67	212	346	436	474
P	vh	14737	110	113	135	3112	96	293	283	1548	142	85	115	94	455	1020	79	98	89	157	98	9299	67	100	127	154	162
P	vj	393	110	113	135	252	96	293	283	26780	142	85	116	94	455	236	79	98	89	157	98	2054	67	100	127	154	162
P	vk	4066	110	113	135	20669	96	293	283	496	142	85	116	94	455	1876	79	98	89	157	98	2608	67	100	127	154	162
P	vl	8942	110	113	135	2098	96	293	283	10636	142	85	115	94	455	615	79	98	89	157	98	2191	5301	100	127	154	162
P	vm	5115	110	113	135	8755	96	293	283	7197	142	85	115	94	455	6966	78	98	89	157	98	1684	67	100	127	154	162
P	vn	1703	174	191	264	4731	140	3031	359	6993	287	122	227	157	485	2796	108	170	126	321	156	1679	7546	160	236	282	324
P	vp	4018	110	113	135	14762	96	293	283	8991	142	85	115	94	455	482	79	98	89	157	98	1463	67	100	127	154	162
P	vq	393	110	113	135	252	96	293	283	22890	142	85	115	94	455	236	79	98	89	157	98	5945	67	100	127	154	162
P	vr	921	152	144	162	24999	110	309	295	844	176	90	140	102	471	933	82	127	98	267	140	1463	66	120	139	206	212
P	vs	596	110	113	135	5885	96	293	21035	865	142	85	115	94	455	387	78	98	89	157	98	1232	67	100	127	154	162
P	vt	1921	110	113	135	890	96	293	283	7463	142	85	115	94	455	7657	79	98	89	157	98	11785	67	100	127	154	162
P	vw	9431	110	113	135	15499	96	293	283	496	142	85	115	94	455	876	79	98	89	157	98	3414	67	100	127	154	162
P	vx	393	110	113	135	252	96	293	283	26914	142	85	115	94	455	236	79	98	89	157	98	1921	67	100	127	154	162
P	vy	1651	110	113	135	1492	96	293	283	4396	142	85	115	94	455	19452	79	98	89	157	98	2725	67	100	127	154	162
P	vz	1159	110	113	135	5004	96	293	12721	8099	142	85	115	94	455	435	79	98	89	157	98	2581	67	100	127	154	162
P	w	5545	253	262	351	8422	193	982	943	1795	380	151	273	188	1633	3315	125	203	167	439	204	5453	77	211	318	426	459
P	wa	396	139	139	191	274	113	332	338	6330	256	114	180	115	20924	1115	93	118	103	230	120	322	67	164	164	193	238
P	we	399	184	163	254	258	136	364	365	17632	254	114	195	140	9777	236	92	129	292	319	140	322	67	142	231	292	271
P	wo	643	1425	780	2456	373	360	1935	1665	496	1565	710	757	4543	2307	244	261	483	387	2173	414	1522	67	423	1753	2568	2458
P	wu	1541	1094	1060	1279	601	1144	1914	1131	970	1600	432	2334	593	1363	883	608	1317	1125	2269	1037	322	67	745	2019	2973	2347
P	x	1384	253	262	351	820	193	982	943	17499	380	151	273	188	1633	754	125	203	167	439	204	4073	77	211	318	426	459
P	xi	13623	313	269	369	1892	269	483	522	496	421	138	365	174	8843	498	124	204	174	487	441	1015	67	295	344	492	450
P	xu	5317	255	260	610	12395	329	448	500	970	587	597	350	250	4799	884	125	453	190	540	188	322	67	210	415	1183	524
P	y	4360	253	262	351	2411	193	982	943	8245	380	151	273	188	1633	4295	125	203	167	439	204	5219	77	211	318	426	459
P	ya	406	165	167	275	262	123	389	349	1091	229	111	321	173	16827	9592	117	163	123	361	192	322	67	124	184	269	366
P	ye	420	2065	1019	1216	303	714	1232	1706	1404	3278	906	774	1318	3255	236	277	446	737	2358	476	322	67	1854	1541	2371	2473
P	yi	1743	1224	943	1579	502	688	1506	723	496	1619	524	996	473	9904	246	355	768	409	1807	835	475	67	835	1130	1282	1639
P	yo	402	181	208	323	262	147	374	365	496	284	127	237	177	7977	236	115	163	132	354	150	18901	67	160	245	344	341
P	yu	12405	406	503	564	4808	417	644	570	970	767	267	602	432	3445	887	181	434	258	853	305	322	67	448	521	899	793
P	z	3348	252	262	351	1396	193	982	13178	3382	380	151	273	188	1633	1236	125	203	167	439	204	2934	77	211	318	426	459
P	za	396	152	143	211	259	118	326	320	19183	203	97	190	117	4532	4615	89	119	104	220	118	322	67	126	177	194	370
P	ze	402	507	343	713	268	204	476	467	1794	330	297	803	1502	15115	247	137	221	5067	1055	326	322	67	298	460	834	513
P	zh	4816	110	113	135	6812	96	293	283	7524	142	85	115	94	455	4559	79	98	89	157	98	6005	67	100	127	154	162
P	zi	1724	1188	1504	1811	540	826	1522	729	496	4005	295	1795	597	1695	248	204	556	1172	1864	619	475	67	815	2435	3239	2347
P	zo	402	181	208	323	262	147	374	364	496	284	127	237	177	17921	236	115	163	132	354	150	8959	67	159	245	344	341
P	zu	1755	237	469	422	531	359	642	513	6857	539	149	477	184	1485	13846	112	332	213	402	247	322	67	276	329	505	1498
S	a	8957325
S	ai	19559276
S	an	43996829
S	ang	742216
S	ao	5621558
S	ba	37875371
S	bai	26940911
S	ban	59346564
S	bang	9602804
S	bao	73220482
S	bei	53768576
S	ben	42538978
S	beng	1387779
S	bi	50301117
S	bian	46163293
S	biang	423
S	biao	43873915
S	bie	15006612
S	bin	3805474
S	bing	35305808
S	bo	22466916
S	bu	197337827
S	ca	1084623
S	cai	48610731
S	can	17709236
S	cang	6940494
S	cao	9863118
S	ce	22793948
S	cei	2000
S	cen	94663
S	ceng	11933934
S	cha	30554876
S	chai	2799311
S	chan	41469761
S	chang	77495568
S	chao	17104177
S	che	30234247
S	chen	10599389
S	cheng	104926733
S	chi	29672924
S	chong	22030173
S	chou	7864171
S	chu	101056566
S	chua	41853
S	chuai	196680
S	chuan	26487099
S	chuang	18389896
S	chui	2604482
S	chun	9305584
S	chuo	335225
S	ci	46890045
S	cong	17399409
S	cou	528832
S	cu	5109398
S	cuan	391882
S	cui	3093100
S	cun	20170723
S	cuo	9079507
S	da	121550297
S	dai	47183498
S	dan	49092300
S	dang	36780166
S	dao	102366413
S	de	168659861
S	dei	3037422
S	den	760
S	deng	24665488
S	di	109584634
S	dia	31356
S	dian	83426300
S	diao	13945500
S	die	3496548
S	ding	47918134
S	diu	1381919
S	dong	67353590
S	dou	29892380
S	du	60237675
S	duan	26081053
S	dui	45362052
S	dun	5741028
S	duo	43158401
S	e	14027527
S	ei	1306
S	en	2673055
S	eng	1000001
S	er	69277051
S	fa	117150039
S	fan	42802334
S	fang	87976467
S	fei	42449206
S	fen	59910713
S	feng	30784415
S	fiao	1
S	fo	2995948
S	fou	3610714
S	fu	106943461
S	ga	852615
S	gai	30855719
S	gan	37304583
S	gang	15413228
S	gao	55480621
S	ge	103387186
S	gei	13044794
S	gen	11875783
S	geng	20244534
S	gong	137108857
S	gou	29278621
S	gu	43319769
S	gua	4907294
S	guai	4481690
S	guan	90315769
S	guang	30647750
S	gui	33113695
S	gun	1914273
S	guo	110932145
S	ha	4905592
S	hai	50375841
S	han	19173197
S	hang	18101417
S	hao	53735164
S	he	78393790
S	hei	7975284
S	hen	24259904
S	heng	5225438
S	hong	13562503
S	hou	39386644
S	hu	50154993
S	hua	86957897
S	huai	6636417
S	huan	34343201
S	huang	13140270
S	hui	102968697
S	hun	9865956
S	huo	48327555
S	ji	288848542
S	jia	107362718
S	jian	159692643
S	jiang	48540878
S	jiao	78772995
S	jie	109816278
S	jin	95967255
S	jing	116458470
S	jiong	279644
S	jiu	72645033
S	ju	71441845
S	juan	4600404
S	jue	27140226
S	jun	19436249
S	ka	7812313
S	kai	37259991
S	kan	29826645
S	kang	7915204
S	kao	18315693
S	ke	104885608
S	kei	3584
S	ken	3038890
S	keng	791212
S	kong	24850515
S	kou	21535726
S	ku	13528271
S	kua	2466674
S	kuai	19412958
S	kuan	14307426
S	kuang	13666239
S	kui	3457682
S	kun	4675206
S	kuo	5983177
S	la	12203495
S	lai	49488309
S	lan	16839972
S	lang	6869866
S	lao	22695724
S	le	92846560
S	lei	22263906
S	leng	6181439
S	li	189231238
S	lia	484271
S	lian	40484028
S	liang	56679394
S	liao	25058375
S	lie	14366701
S	lin	16437012
S	ling	37132273
S	liu	40008595
S	lo	34542
S	long	9895220
S	lou	9595691
S	lu	41095698
S	luan	4055261
S	lun	20181936
S	luo	23406625
S	lv	34150267
S	lve	5012560
S	ma	30299410
S	mai	16078184
S	man	17730578
S	mang	5442846
S	mao	16517957
S	me	19055328
S	mei	66488376
S	men	43845381
S	meng	10554965
S	mi	22916466
S	mian	46998396
S	miao	6826374
S	mie	1839529
S	min	31099467
S	ming	62941348
S	miu	168507
S	mo	31252178
S	mou	6633918
S	mu	38048416
S	na	34437940
S	nai	7223619
S	nan	33047582
S	nang	904415
S	nao	8028076
S	ne	2179062
S	nei	31320753
S	nen	547157
S	neng	43460120
S	ni	47205622
S	nian	47327162
S	niang	2602068
S	niao	2687921
S	nie	739299
S	nin	10835225
S	ning	5960216
S	niu	6697693
S	nong	14431535
S	nou	1346
S	nu	3911654
S	nuan	1787009
S	nuo	2752218
S	nv	15098332
S	nve	352647
S	o	1903800
S	ou	5742285
S	pa	5790398
S	pai	22644474
S	pan	11949140
S	pang	4014386
S	pao	7075418
S	pei	20188488
S	pen	2225264
S	peng	6864382
S	pi	18791482
S	pian	19345470
S	piao	10125701
S	pie	244418
S	pin	42556885
S	ping	38319608
S	po	12058520
S	pou	332346
S	pu	12939700
S	qi	148884444
S	qia	1706661
S	qian	52485646
S	qiang	22588995
S	qiao	9020031
S	qie	12247830
S	qin	15065960
S	qing	74268767
S	qiong	1439947
S	qiu	25047716
S	qu	73748116
S	quan	66204114
S	que	20904623
S	qun	8286401
S	ran	25238462
S	rang	13332037
S	rao	3194371
S	re	12313219
S	ren	149469843
S	reng	3605821
S	ri	24129945
S	rong	21841144
S	rou	6107505
S	ru	46565425
S	rua	1
S	ruan	9098886
S	rui	2319829
S	run	2478569
S	ruo	6197008
S	sa	2654047
S	sai	7249864
S	san	32857931
S	sang	1813982
S	sao	2402275
S	se	17919214
S	sen	1711791
S	seng	425530
S	sha	12547394
S	shai	2594920
S	shan	27959108
S	shang	103666847
S	shao	21107170
S	she	53138933
S	shei	3549986
S	shen	71143283
S	sheng	97894819
S	shi	470483237
S	shou	89444588
S	shu	105180563
S	shua	2395542
S	shuai	3376448
S	shuan	279611
S	shuang	9061053
S	shui	40912602
S	shun	5119375
S	shuo	32398719
S	si	77617869
S	song	14991223
S	sou	3403347
S	su	34312881
S	suan	14214605
S	sui	14672594
S	sun	5753783
S	suo	41100625
S	ta	55986650
S	tai	36186742
S	tan	19873862
S	tang	10192806
S	tao	15411898
S	te	17309264
S	tei	476857
S	teng	2870959
S	ti	75721868
S	tian	40713019
S	tiao	34744708
S	tie	11904647
S	ting	23398290
S	tong	77142928
S	tou	36476821
S	tu	35164071
S	tuan	9865125
S	tui	17226133
S	tun	1237871
S	tuo	12418887
S	wa	4565933
S	wai	27437428
S	wan	38726172
S	wang	53997362
S	wei	158375534
S	wen	68977295
S	weng	510599
S	wo	76753420
S	wu	130484658
S	xi	114394215
S	xia	53446662
S	xian	119034650
S	xiang	123127222
S	xiao	91635312
S	xie	46302455
S	xin	109714557
S	xing	128847317
S	xiong	8137489
S	xiu	17571869
S	xu	43556953
S	xuan	21435787
S	xue	67123625
S	xun	21643385
S	ya	24643721
S	yan	74667865
S	yang	45449005
S	yao	74823637
S	ye	117375584
S	yi	342163364
S	yin	57892110
S	ying	75898875
S	yo	125035
S	yong	66730368
S	you	194379014
S	yu	127897370
S	yuan	108215155
S	yue	42334398
S	yun	25548513
S	za	4339006
S	zai	121132649
S	zan	5520576
S	zang	3304959
S	zao	23445079
S	ze	26826818
S	zei	589939
S	zen	6247385
S	zeng	12557986
S	zha	5248760
S	zhai	7477253
S	zhan	56121148
S	zhang	49463613
S	zhao	30596116
S	zhe	104603945
S	zhei	1000000
S	zhen	34222229
S	zheng	93862644
S	zhi	251576496
S	zhong	135768235
S	zhou	26535465
S	zhu	96664996
S	zhua	3213626
S	zhuai	161314
S	zhuan	36247676
S	zhuang	26326319
S	zhui	4921469
S	zhun	12493812
S	zhuo	6416315
S	zi	127503255
S	zong	26348531
S	zou	12316784
S	zu	37498722
S	zuan	1112538
S	zui	32766062
S	zun	3861496
S	zuo	72146555
